공고번호,기초금액,A값,투찰률(%),참여업체수,예가범위,공고구분표시,공고제목,발주처(수요기관),지역제한
20241210833-00,61710000,9082379,87.745,1074,2,기/A값/순,서라벌고등학교 고교학점제 공간 조성 사업 조성 통신 공사 (긴급공고),서울특별시교육청,서울
20241209755-00,71830000,0,87.745,3787,2,기/수의,고속철도 스마트SOC 시스템 감시화면 통신망 구축 공사,한국철도공사,서울/부산/대구/경기/충북/충남/경북
2024-25877,304019000,19559512,87.745,913,2,기/A값/순,[일반-24-235-4] 00진지 생활관 신축 통신공사,수도방위사령부,서울
20241135055-00,4101907000,265650527,86.745,1041,2,기/A값/순/의무,L2 연구동 건설공사(통신) (긴급공고),서울지방조달청/한국과학기술연구원,전국/서울
20241142908-00,83490000,5039708,87.745,1106,2,기/A값/순,서울대학교 첨단융합학부(관악 18동) 공간조성 4단계 통신공사 (긴급공고),서울대학교,서울
20241135561-00,3205851000,203750095,86.745,1168,2,기/A값/순/의무,한국전력 관악동작지사 위탁개발 통신공사,한국자산관리공사,전국/서울
20241140336-00,83559300,0,87.745,2662,2,기,분당선 한티역 등 20개역 승강장안전문 UPS부품 개량공사,한국철도공사,서울/경기
E012410414,58139400,0,87.745,791,2,기/수의,신림로 지중화 관련 광케이블 이설공사(ICT운영부),한국전력공사,서울
2024-24251,13837340,0,87.745,519,2,기/수의,(24-집-2) 00부대 안보교육관 대체시설 공사(통신),육군,서울
20241106920-00,2105148000,139828377,86.745,1254,2,기/A값/순/의무,혜화경찰서 청사 신축관련 통신 공사,서울지방조달청/경찰청,전국/서울
E012410147,117940900,7047344,87.745,1381,2,기/A값/순/협정,논현-선릉 등 2개 전력구 운영시스템 설치공사(강남전력지사),한국전력공사,서울/경기
20241101469-00,872850000,44281860,87.745,1301,2,기/A값/순/협정,"2024년 서울청 국도ITS 시관리 구간 구축공사(서울시,인천시)",인천지방조달청/국토교통부,서울/인천
20241110684-00,74556000,0,87.745,1113,2,기/수의,여청수사계 통합청사 조성 리모델링 통신공사,경찰청,서울
20241106979-00,77440000,0,87.745,1146,2,기/수의,국립전통예술고등학교 기숙사 환경개선 통신공사,문화체육관광부,서울
20241103116-00,53530000,0,87.745,2703,2,기/수의,수서평택고속선 오산SS 등 11개소 영상감시설비 이설 공사,한국철도공사,서울/경기
20241101079-00,57080500,0,87.745,1109,2,기/수의,피싱범죄수사계 청사 리모델링 통신공사,경찰청,서울
2024-22599,8027450,0,87.745,270,2,기/수의,태성대아파트 리모델링 공사(통신),공군항공안전단,서울
20241027545-00,439605000,30809073,87.745,2979,2,기/A값/순,경부선 서울역 등 107역 시각장애인용 음성유도기 개량공사,한국철도공사,서울/인천/경기
20241020518-00,249018000,13940289,87.745,582,2,기/A값/순,도급 사무실 환경개선 네트워크 공사 업체 선정,(주)코스콤,서울
20241014494-00,378061000,26220707,87.745,1035,2,기/A값/순/협정,국립재활원 음압격리병실 구축 사업 통신공사,서울지방조달청/보건복지부,서울
E012408828,65826200,1585192,87.745,825,2,기/A값/순,’24년도 노량진변전소 무인보안시스템 교체공사(전자제어부),한국전력공사,서울
20241021669-00,304620000,9102222,87.745,2703,2,기/A값/순,경의선 수색역 등 7개역 승강장안전문 장애물검지센서 교체공사,한국철도공사,서울/경기
20241020924-00,91500000,0,85.0,150,2,기,본·신관 비상방송설비 교체공사,한국방송공사,서울
20241025706-00,212960000,14125857,87.745,1093,2,기/A값/순,수도권서부 종합금융센터 사무환경 조성공사(통신) 업체 선정 (긴급공고),한국주택금융공사,서울
20241024377-00,141533000,0,87.745,3052,2,기/수의,중앙선 청량리역 등 8역 역무자동화설비 이설 기타공사,한국철도공사,서울/경기
20241009986-00,2241737000,136733800,86.745,1242,2,기/A값/순/의무,경부선 구로역 신축에 따른 통신설비 신설공사(총체 및 1차),한국철도공사,전국/서울
E012408654,75750400,1859619,87.745,2324,2,기/A값/순,전력구 PS-LTE 비상통신망 시설공사(동서울전력지사),한국전력공사,서울/경기
20241014719-00,68308045,3809998,87.745,617,2,기/A값/순/협정,스팸대응시스템 안정적 운영을 위한 IDC 케이블 재설치 공사 용역,한국인터넷진흥원,서울
20241014716-00,575592000,35918391,87.745,3052,2,기/A값/순,중앙선 왕십리역 등 16개소 여객자동안내장치 개량공사,한국철도공사,서울/경기/강원
E012408573,52260604,495442,87.745,810,2,기/A값/순,노량진-사당 구간 광케이블 선통 공사(전자제어부),한국전력공사,서울
E012408482,87167300,5563374,87.745,816,2,기/A값/순,345kV 신양재S/S CCTV 교체공사(강남전력지사),한국전력공사,서울
20241004497-00,664104000,37365488,87.745,1047,2,기/A값/순/협정,나라키움 관악 복합관사 개발사업 통신공사,한국자산관리공사,서울
20241010475-00,156312000,0,87.745,1129,2,기,경부선 영등포~신도림 간 LTE-R 광케이블 철거설치 타공사,한국철도공사,서울
E012408322,68079000,727433,87.745,325,2,기/A값/순/협정,개포전력구 운영시스템 이설공사(송전운영부),한국전력공사,서울
20241003694-04,160993000,9287858,87.745,1054,2,기/정/A값/순,동축산물검역검사 생물안전연구시설(BL3) 설치 통신공사 (정정공고),농림축산식품부,서울
2024-21047,26354060,0,87.745,726,2,기/수의,주대-3 00관 보수공사(통신),육군사관학교,서울
20240926462-00,99675000,0,87.745,1180,2,기/수의,저탄소분야 학과(친환경산업디자인과) 신설 인테리어 리모델링 공사(통신),한국폴리텍1대학,서울
20240925984-00,164841000,0,87.745,1226,2,기/수의,AI+x분야 학과(클라우드컴퓨팅과) 신설 인테리어 리모델링 공사(통신),한국폴리텍1대학,서울
20240926203-00,53678716,0,87.745,1074,2,기,성북경찰서 정릉파출소 청사 시설개선 통신 공사,경찰청,서울
20240919375-00,82433000,2130261,87.745,1088,2,기/A값/순,전수교육관 유니버설디자인 적용 환경개선공사(통신),국가유산진흥원,서울
2024-20363,19934490,0,87.745,651,2,기/수의,푸른숲아파트 노후세대 리모델링 통신공사,국방부근무지원단,서울
E012407912,61792500,3288346,87.745,817,2,기/A값/순,관악동작지사 임차사옥 자가 광케이블 이설(ICT운영부),한국전력공사,서울
20240902166-00,423750000,30101020,87.745,1044,2,기/A값/순/협정,국립한글박물관 교육공간 조성 및 증축공사(통신),서울지방조달청/문화체육관광부,서울
20240918062-00,1013657000,37715434,86.745,2948,2,기/A값/순/의무,서울본부 광역철도 승강장 CCTV 모니터 랙 개량공사 (긴급공고),한국철도공사,전국/서울/경기
20240915061-00,265846000,23143027,87.745,3136,2,기/A값/순,경인선 개봉역 등 22역 자동개집표기 개량 기타공사,한국철도공사,서울/인천/경기
20240914951-00,1093980000,69313034,86.745,2972,2,기/A값/순/의무,분당선 모란 등 9역 영상감시설비 개량공사,한국철도공사,전국/서울/경기
20240912350-00,298100000,18691426,87.745,1090,2,기/A값/순,SNU Commons(62동) 공간조성 통신공사 (긴급공고),서울대학교,서울
20240912245-00,86005000,3603819,87.745,1059,2,기/A값/순,김포공항 국제선 비즈니스라운지 조성 정보통신공사,한국공항공사,서울
20240900448-00,30020000,0,87.745,859,2,기/수의,2024년 노후 전자법정 개선 공사(대법원 청사),대법원,서울
41999,21263000,0,88.0,123,2,물품/기/수의,24년 전관방송용 앰프 구매,육군사관학교,서울/경기
20240906022-00,99074515,0,87.745,1103,2,기/수의,북한산국립공원 탐방안내소 신축공사(통신),국립공원공단,서울
20240902994-00,56745000,0,87.745,2980,2,기/수의,철도보수장비 LTE-R 휴대무전기 거치대 설치공사,한국철도공사,서울/인천/경기
E012407564,158177250,10539451,87.745,839,2,기/A값/순,24년 변전소 무인보안시스템 성능개선 공사,한국전력공사,서울
20240830895-00,40600000,0,87.745,1052,2,기/수의,동대문서 장안2파출소 리모델링 통신,경찰청,서울
20240819773-00,1154796000,26555331,86.745,2863,2,기/A값/순/의무,경원선 외대앞역 등 13개역 승강장안전문 장애물검지센서 개량공사,한국철도공사,전국/서울/경기
20240827254-00,997953000,36623699,87.745,2618,2,기/A값/순,경원선 가능 등 16역 승강장 비상통화장치 개량공사,한국철도공사,서울/경기
2024-19131,87672540,0,87.745,1014,2,기/수의,24-A-00부대 통신공사(1200),국군재정관리단,서울
20240826609-00,279950000,19846974,87.745,1085,2,기/A값/순,우리금융아트홀 및 올림픽테니스경기장 시설개선 공사(통신) (긴급공고),서울올림픽기념국민체육진흥공단,서울
E012407415,67615900,1633643,87.745,776,2,기/A값/순,전력구 PS-LTE 비상통신망 시설공사(강남전력지사),한국전력공사,서울
20240822293-00,42754260,2278333,87.745,978,2,기/A값/순,국회 경내 보안장비(CCTV) 교체 공사,국회,서울
20240822245-00,97277000,0,87.745,1137,2,기/수의,한국체육대학교 필승관 대강당 무대음향 설비교체 통신공사,한국체육대학교,서울
20240817325-00,603581000,21604569,87.745,690,2,기/A값/순,한국전기공사협회 서울남부회 사옥건립 정보통신공사,한국전기공사협회,서울
20240821407-00,87538000,0,87.745,1121,2,기/수의,재외동포인증센터 전산실 환경 구축 전기 정보통신 소액수의 견적 제출 공고,재외동포청,서울
E012407107,29381517,700837,87.745,587,2,기/A값/순,지하전력구 PS-LTE 비상통신망 시설공사(전자제어부),한국전력공사,서울
2402707-00,270875000,19599420,87.745,975,2,기/A값/순,서울영등포 공공주택지구 임시이주시설 정보통신공사,한국토지주택공사,서울
2024-17759,47934460,0,87.745,925,2,기/수의,[방사청-24-8] 사무실 이전 통신공사,수도방위사령부,서울
2024-17683,197762000,12372515,87.745,936,2,기/A값/순,[방사청-24-7-3] 시설사업 통신공사,수도방위사령부,서울
20240815156-00,108867000,0,87.745,1175,2,기/수의,스포츠비즈홀 사무공간 리모델링 공사(통신),서울올림픽기념국민체육진흥공단,서울
20240814447-00,55440000,0,87.745,1082,2,기/수의,안보수사과 청사 이전 통신공사,경찰청,서울
20240812520-00,72100000,0,87.745,1124,2,기/수의,서울명일동우체국 건립공사(통신),과학기술정보통신부,서울
20240809207-00,208065000,13799468,87.745,1091,2,기/A값/순,한국체육대학교 골프연습장 개축 통신공사,한국체육대학교,서울
20240802605-00,3051000000,64396761,86.745,2801,2,기/A값/순/의무,경부선 노량진역 등 25개역 승강장안전문 장애물센서 교체공사(총체 및 1차),한국철도공사,전국/서울/인천/경기
20240809896-00,135200000,5151731,87.745,2949,2,기/A값/순,공동실습실 장비구축 공사,아이씨티폴리텍(ICTPolytech)대학,서울/인천/경기
20240808338-00,52640000,0,87.745,1060,2,기/수의,강서서 공항지구대 시설개선 통신공사,경찰청,서울
2024-16530,73714700,0,87.745,981,2,기/수의,24-N-00대대 바다마을 리모델링 통신공사(3107),국군재정관리단,서울
20240734515-00,232848000,5296134,87.745,2692,2,기/A값/순,경의선 한국항공대~강매 등 5개소 영상감시설비 개량공사,한국철도공사,서울/경기
20240732870-00,276070000,16370301,87.745,1046,2,기/A값/순,김포공항 국제선 서편 보안검색장 조성 정보통신공사,한국공항공사,서울
20240732842-00,545908000,20351870,87.745,1019,2,기/A값/순,김포공항 통합운영센터 상황실 이전 및 기타 통신공사,한국공항공사,서울
202407820,1136820000,276719152,86.745,2822,2,기/A값/순/의무,[긴급]2024년 개량사업 ITS 현장설비(CCTV 및 VMS) 통합설치공사,한국도로공사,전국/서울/경기
20240731377-00,80300000,0,87.745,1096,2,기/수의,서울응암동우체국 건립공사(통신),과학기술정보통신부,서울
E012406425,105654681,2494963,87.745,812,2,기/A값/순,탄천-대치 전력구 통신케이블 지장이설공사(전자제어부),한국전력공사,서울
20240725940-00,38942000,1639754,87.745,954,2,기/A값/순,김포공항 외곽지역 부대시설 개선 정보통신공사,한국공항공사,서울
20240725147-00,75685000,0,87.745,1089,2,기/수의,경부선 구로입출고 절연구분장치 영상감시설비 개량공사,한국철도공사,서울
20240722239-00,339282000,15367481,87.745,1022,2,기/A값/순,경부선 구로역 신호기능실 신축에 따른 통신설비 신설공사(총체 및 1차),한국철도공사,서울
20240721828-00,174179000,7838581,87.745,1059,2,기/A값/순,김포공항 국제선 탑승구 시설개선 정보통신공사,한국공항공사,서울
E012406291,181679300,11766693,87.745,855,2,기/A값/순,세곡2지구 배전자동화 자가 광케이블 시설공사(ICT운영부),한국전력공사,서울
20240722858-00,64020000,0,87.745,1131,2,기/수의,중랑서 상봉파출소 시설개선 통신공사,경찰청,서울
E012406214,279084300,19577635,87.745,2327,2,기/A값/순,2024년 고압 AMI 통신망 구축공사(ICT운영부),한국전력공사,서울/경기
20240713341-01,134355648,0,87.745,1184,2,기/정/수의/협정,경찰청 세검정로 별관 통신공사 (정정공고),경찰청,서울
2024-15356,10000000,0,87.745,388,2,기/수의,24-00대대 매입관사 공사(통신),해군재경근무지원대대,서울
2024-14574,31942000,0,87.745,2266,2,기/수의,사령부 및 OO대대 보수공사(통신),국군화생방방호사령부,서울/경기
20240702085-00,9400000,0,87.745,319,2,기/수의,국립항공박물관 전시동 LAN케이블 공사,국립항공박물관,서울
20240637912-00,96990196,5550082,87.745,999,2,기/A값/순,본관 8층 6파트 긴급치료병상 조성공사(통신),서울대학교병원,서울
20240625369-00,307516000,17691835,87.745,1032,2,기/A값/순/협정,"경찰병원 51, 52병동 시설개선공사(통신)",서울지방조달청/경찰청,서울
20240633586-00,98200000,4250580,87.745,1008,2,기/A값/순,김포공항 국제선 화장실 시설개선 정보통신공사,한국공항공사,서울
20240633454-00,150546000,1758448,87.745,1087,2,기/A값/순,상문고 신관 방송통신개선공사 (긴급공고),서울특별시교육청,서울
20240616335-00,202872000,9171479,87.745,1037,2,기/A값/순,김포공항 화장실 비상벨설치 정보통신공사,한국공항공사,서울
2024-13130,3162745,0,87.745,182,2,기/수의,(24-대-5) 우O 상황실 개선공사(통신),공군,서울
2024-13128,2292156,0,87.745,178,2,기/수의,(24-대-4) 북O 숙소보수 공사(통신),공군,서울
2024-12981,155687843,0,87.745,1039,2,기/수의,00지역 통신소 케이블 이전 설치공사,국방부,서울
20240618224-00,150447000,0,87.745,1213,2,기/수의,사이버수사과 사무실 이전 통신공사,경찰청,서울
20240618194-00,65131000,0,87.745,1136,2,기/수의,과학수사과 사무실 이전 통신공사,경찰청,서울
20240617186-00,121000000,7332525,87.745,1074,2,기/A값/순,서울대학교 첨단융합학부(관악 19동) 공간조성 통신공사(3단계) (긴급공고),서울대학교,서울
20240612761-00,1089447000,44334851,87.745,971,2,기/A값/순,경부선 서울역 방송설비 전면 개량공사,한국철도공사,서울
20240606185-00,94758000,0,87.745,1129,2,기/수의,서울신림동우체국 건립공사(통신),과학기술정보통신부,서울
2401793-00,1375121000,78330646,86.745,1060,2,기/A값/순/의무,2023년 서울권 그린리모델링 정보통신공사,한국토지주택공사,전국/서울
2024-11214,125356730,0,87.745,1057,2,기/수의,(B045) 00기갑 0대대 통신케이블 공사(본공사),육군,서울
E012405092,294166400,18405202,87.745,831,2,기/A값/순,강북구 도봉로 배전계통 자가 광통신망 지중화공사,한국전력공사,서울
E012404983,213219600,13437507,87.745,440,2,기/A값/순/협정,154kV 노들-노량진 등 3개 T/L 과학화장비 설치공사(송전운영부),한국전력공사,서울
2024-11006,225189000,15224718,87.745,894,2,기/A값/순,[일반-24-36-16] 간부숙소 30실 통신공사,수도방위사령부,서울
20240602889-00,50675000,2505695,87.745,996,2,기/A값/순,서울대학교 전공설계지원센터(62동) 이전 통신공사 (긴급공고),서울대학교,서울
2024-10492,156024940,0,87.745,1032,2,기/수의,현충원 네트워크 이전설치 공사,국방부근무지원단,서울
20240537848-00,77892000,3840169,87.745,1057,2,기/A값/순,서울대학교 920동 LnL 교육지원시설 인터넷 및 전화공사,서울대학교,서울
2024-09448,121523520,8579016,87.745,895,2,기/A값/순,24-D-00아파트 보수공사_통신(2015),국군재정관리단,서울
20240527397-00,31157000,625547,87.745,926,2,기/A값/순,서울대학교 온실가스에너지센터(32-1동) 이전 통신공사 (긴급공고),서울대학교,서울
2024-08094,235957840,13858100,87.745,860,2,기/A값/순,24-D-위병소 신축 등 2건 통신공사(2010),국군재정관리단,서울
20240521823-00,52593000,0,87.745,1027,2,기/수의,경부선 용산역 사각지대 감시용 영상감시설비 신설공사,한국철도공사,서울
2024-08235,19570000,0,87.745,614,2,기/수의,[일반-24-56] 00부대 케이블공사,수도방위사령부,서울
20240520380-00,127650000,0,87.745,1132,2,기/수의,경원선 광운대역 방송설비 개량공사,한국철도공사,서울
E012404089,183084000,10977381,87.745,1266,2,기/A값/순/협정,345kV 신성남-신양재T/L 과학화장비 보강공사(강남전력지사),한국전력공사,서울/경기
20240505128-00,854563000,59567201,87.745,2817,2,기/A값/순,경부선 성환역 등 18개소 열차행선안내장치 개량공사,한국철도공사,서울/경기/충남
18091,35138700,0,88.0,123,2,기/수의,24-B-방송장비 유지보수 용역(도서지역),제9196부대,서울/인천/경기
E012403771,186157400,11387868,87.745,831,2,기/A값/순,백련시장 배전계통 자가 광통신망 지중화공사,한국전력공사,서울
E012403527,307454400,21567772,87.745,818,2,기/A값/순,’24년 변압기공동이용 자고객 원격검침망 구축 공사,한국전력공사,서울
202404188,96677000,3961144,87.745,852,2,기/A값/순,[긴급]세종포천선(용인~구리) 고덕수문 배수펌프장 구내통신공사,한국도로공사,서울
E012403194,156045450,10364533,87.745,815,2,기/A값/순,24년 서울본부 송변전광단말장치 보강공사,한국전력공사,서울
20240412469-00,63560000,0,87.745,1091,2,기/수의,동대문서 리모델링 통신공사,경찰청,서울
20240407416-00,207754902,15193378,87.745,1017,2,기/A값/순,본관 수술장 확충 및 리모델링 공사(2차) (통신),서울대학교병원,서울
E012403046,180540800,9941163,87.745,828,2,기/A값/순,지하전력구 PS-LTE 비상통신망 2차 구축공사,한국전력공사,서울
202403443,932032000,57968212,87.745,2296,2,기/A값/순,[긴급]세종포천선(용인~구리) 광케이블 설치공사,한국도로공사,서울/경기
20240333825-00,452204000,25977558,87.745,1014,2,기/A값/순/협정,00검색센터 통신설비공사,서울지방조달청/대통령경호처,서울
20240312799-00,183224000,11350815,87.745,1080,2,기/A값/순,개방형 양자연구소 증축공사(통신),한국과학기술연구원,서울
20240345994-00,84370000,4133869,87.745,3247,2,기/A값/순,13층 음압격리병실 설치공사(통신),국민건강보험공단,서울/인천/경기
E012402689,235722300,14607927,87.745,835,2,기/A값/순,방학사거리 배전자가망 지중화공사,한국전력공사,서울
E012402541,295023300,19558442,87.745,2663,2,기/A값/순,시흥장현C/T 외 3개소 지하전력구 재난안전통신망 시설공사,한국전력공사,서울/인천/경기
E012402445,77592273,904077,87.745,822,2,기/A값/순,탄천-선릉 전력구 통신케이블 지장 이설공사(전자제어부),한국전력공사,서울
20240322225-01,66701660,0,87.745,1099,2,기/정/수의,서울관악경찰서 청사 리모델링 통신공사 (정정공고),경찰청,서울
20240231778-00,1962797000,114698265,86.745,2801,2,기/A값/순/의무,2024년 서울청 국도ITS 연간 유지보수공사 (긴급공고),서울지방조달청/국토교통부,전국/서울/인천/경기
E012401732,211493700,13971380,87.745,821,2,기/A값/순,사당로 배전자동화 자가 광케이블 이설공사(ICT운영부),한국전력공사,서울
20240237654-00,67698400,0,87.745,1114,2,기/수의/협정,국립고궁박물관 2층 상설전시실 개편공사(통신),문화재청,서울
20240230712-00,147304000,0,87.745,1185,2,수의,범죄피해자 원스톱 솔루션 센터 리모델링 통신공사,법무부,서울
20240120690-00,787674000,55045984,87.745,1029,2,기/A값/순/협정,도서관 및 학생회관 개축 통신공사,서울지방조달청/서울과학기술대학교,서울
20240210785-00,176630000,6955403,87.745,1003,2,기/A값/순,의원회관 주차안내설비 교체공사(2차),국회,서울
20240208694-00,13090000,0,87.745,712,2,기/수의,수도전기공고 실습장 재구조화 따른 환경개선 통신공사,서울특별시교육청,서울
20240211074-00,41247000,2251600,87.745,927,2,기/A값/순,캠퍼스안전반(관악 101동) 사무실 조성 통신공사 (긴급공고),서울대학교,서울
20240134686-00,82706000,0,87.745,1138,2,수의,2023 동일여고 수덕관4층 고교학점제 학교공간조성 통신공사,서울특별시교육청,서울
20240121986-00,4950000,0,87.745,302,2,기/수의,수도전기공고 마이스터고 재도약에 따른 실습장 환경개선 통신공사,서울특별시교육청,서울
E012400482,734596694,24562530,87.745,491,2,기/A값/순/협정,성동P/O 전력구 운영시스템 강화액 원격격발기능 보강공사,한국전력공사,서울
20240119037-00,1021251000,68212430,87.745,982,2,기/A값/순,서울대학교 치의학대학원 본관동 증축 통신공사 (긴급공고),서울대학교,서울
20240108595-00,74959000,0,87.745,854,2,기/수의,웹 스튜디오 조명 및 기반 시스템 공사 (긴급공고),한국방송통신대학교,서울
20240103196-00,737688000,50479389,87.745,1007,2,기/A값/순/협정,국립한국문학관 건립 통신공사,서울지방조달청/문화체육관광부,서울
20240101641-00,154406700,0,87.745,1144,2,기/수의/협정,경찰청 강당 보수 통신공사,경찰청,서울
20231245452-00,707872000,49710894,87.745,1003,2,기/A값/순,"서울대학교 음악대학(54,55동) 리모델링 및 보건대학원(221동) 증축 통신공사 (긴급공고)",서울대학교,서울
20231244916-00,175470588,13466536,87.745,1054,2,기/A값/순,현대그룹빌딩 서관 교수실 조성 공사(통신),서울대학교병원,서울
20231243445-00,38772000,0,87.745,950,2,수의,수도전기공고 관리실 및 기타 환경개선 통신공사,서울특별시교육청,서울
20231241878-00,62655000,2883709,87.745,1004,2,기/A값/순,[긴급] 등촌중학교 내진보강 및 기타 통신공사 (긴급공고),서울특별시강서교육청,서울
20241211533-00,43006890,2730083,87.745,971,3,기/A값/수의,고객안전실 근무환경 개선에 따른 전자공사(을지로입구역 등 9역),서울교통공사,서울
20241208445-00,450726000,30198513,87.745,1073,3,기/A값/순,천연동 복합센터 건립사업 신축공사(통신) (긴급공고),서울특별시,서울
20241210319-00,713620000,48854539,87.745,973,3,기/A값/순,2024년 관악구 주거·상업지역 지능형 CCTV 설치 공사 (긴급공고),서울특별시,서울
20241206508-00,512446000,33929965,87.745,1066,3,A값/순,노원구민의전당 사무동 리모델링 통신공사 (긴급공고),서울특별시,서울
20241207575-00,81980000,2999567,87.745,1146,3,기/A값/수의,신계초 급식실 증축 및 기타 통신공사,서울특별시교육청,서울
20241207521-00,47636700,3202312,87.745,1012,3,기/A값/수의,3호선 녹번역 등 2역 승강편의시설 설치 정보통신공사(62공구),서울교통공사,서울
20241135632-00,4349644900,320428749,86.745,363,3,기/A값/실적/순/의무,2~4호선 종합정보플랫폼 표출장치 설치 정보통신공사,서울교통공사,전국/서울/경기
20241203726-00,288233000,20080667,87.745,1067,3,기/A값/순,[긴급]문백초 그린스마트 미래학교 리모델링 통신공사 (긴급공고),서울특별시교육청,서울
20241134279-00,97230000,5457348,87.745,1010,3,기/A값/순/협정,빈집활용사업(초행지붕-수유2) 정보통신공사,서울주택도시공사,서울
20241139999-00,216260000,13960394,87.745,1120,3,기/A값/순,청년창업공간 조성공사(통신),서울특별시,서울
20241140821-00,232430000,14237281,87.745,1096,3,기/A값/순,홍은중 방송장비 및 선로개선 통신공사 (긴급공고),서울특별시교육청,서울
20241134655-00,533335000,33337868,87.745,1064,3,기/A값/순,신청사 자가 정보통신망 및 구내통신망 공사,서울특별시,서울
20241130459-00,274865000,20446951,87.745,1115,3,기/A값/순,명동주민센터 신축 통신공사,서울특별시,서울
20241123763-02,100000000,0,88.0,111,3,낙찰정정/기/정/수의,2025년 중랑물재생센터 슬러지 계면측정기 유지관리용역 (정정공고),서울특별시,서울
20241129821-00,377773000,23829035,87.745,1079,3,기/A값/순,어린이박물관 조성 통신공사(장기계속공사) (긴급공고),서울특별시/서울특별시,서울
20241125152-00,193000000,10535316,87.745,260,3,기/A값/순,2025년 교통신호제어용 차량검지기 설치공사(연간단가),서울특별시,서울
20241123613-00,261212500,13171831,87.745,1082,3,기/A값/순,2025년 본관 청사 통신공사(연간단가),서울특별시,서울
20241124651-00,627167000,38444447,87.745,1058,3,기/A값/순,길음2동 주민센터 공용청사 신축 정보통신공사,서울특별시,서울
20241124100-00,76744000,4636013,87.745,1140,3,기/A값/수의,서울답십리초 외 1교(청량고) 석면해체제거 통신공사,서울특별시교육청,서울
20241125257-00,62568000,151177,87.745,1063,3,기/A값/수의,천호역 공영주차장 전력감시시스템 구축공사,서울시설공단,서울
20241124232-00,54096900,643643,87.745,1091,3,기/A값/수의,2024년도 통신케이블 증설 및 개량 정보통신공사,서울교통공사,서울
20241119568-00,73728000,2163084,87.745,1048,3,기/A값/순,[긴급] 서울영풍초 석면해체제거 통신공사 (긴급공고),서울특별시교육청,서울
20241119555-00,94104000,2777668,87.745,1060,3,기/A값/순,[긴급] 서울마천초 석면해체제거 통신공사 (긴급공고),서울특별시교육청,서울
20241114507-00,124547500,7807981,87.745,1116,3,기/A값/순,풍납동 토성 안내센터 대수선 정보통신공사,서울특별시,서울
20241112762-00,163452300,0,87.745,275,3,기,2025년 한강공원 CCTV 유지관리 용역(하류),서울특별시/서울특별시,서울
20241112707-00,163452300,0,87.745,270,3,기,2025년 한강공원 CCTV 유지관리 용역(상류),서울특별시/서울특별시,서울
20241117148-00,92840000,5032530,87.745,1177,3,기/A값/수의,노량진1동 임시청사 공간개선 공사(통신) (긴급공고),서울특별시,서울
20241117147-00,74180000,2889873,87.745,1162,3,기/A값/수의,장미문화센터 증축 및 리모델링공사(통신),서울특별시,서울
20241109444-00,60214000,3042521,87.745,1122,3,기/A값/수의,제기동 고대앞마을 주민사랑방 신축 통신공사,서울특별시,서울
20241107876-00,415635000,27059528,87.745,1090,3,A값/순,아동청소년 이색 레포츠 복합 체험시설 신축 통신공사 (긴급공고),서울특별시,서울
20241108701-00,288184000,15499761,87.745,1093,3,기/A값/순,위례터널외 3개소 노후 방재설비 개량 통신공사 (긴급공고),서울특별시/서울특별시,서울
20241104564-00,214956000,10247141,87.745,1071,3,기/A값/순,교통관리시스템 노후 무인통신중계소 통합교체 공사,서울시설공단,서울
20241101992-00,80500000,5137164,87.745,1014,3,기/A값/순,2025년 행정정보통신망 설치공사(연간단가),서울특별시,서울
20241101609-00,702678582,52797917,87.745,1056,3,기/A값/순,시립반다비체육센터 건립 통신공사,서울특별시/서울특별시,서울
20241105994-00,27900000,1470709,87.745,921,3,기/A값/수의,서울전동초 체육관 전면보수 통신공사,서울특별시교육청,서울
20241104225-00,215970000,12148651,87.745,1101,3,기/A값/순,중화2동 공원지하 공영주차장 확충공사(통신) (긴급공고),서울특별시,서울
20241100743-00,380800200,9015848,87.745,1039,3,기/A값/순,2024년 IoT사업 기타망 구축 공사 (재공고),서울특별시교육청,서울
20241033630-00,120089000,7406854,87.745,1219,3,기/A값/수의,모래내공원 지하공영주차장 건설공사(통신),서울특별시,서울
20241031649-00,48399120,2918798,87.745,998,3,기/A값/수의,5호선 까치산역 승강편의시설(E/L) 설치공사(64공구-2단계 정보통신),서울교통공사,서울
20241027993-00,22319700,1392650,87.745,852,3,기/A값/수의,서울(1)역 고객안전실 환경개선에 따른 정보통신공사,서울교통공사,서울
20241024279-00,131230000,2565235,87.745,1191,3,기/A값/수의,2024년 홈 오토시스템 교체 공사(성수아이파크),서울특별시,서울
20241025235-00,18119600,873161,87.745,781,3,기/A값/수의,4호선 사당역 보안관실 신규조성 정보통신공사,서울교통공사,서울
20241020109-00,495000000,0,87.745,248,3,기,이문빌딩 신축공사(통신) (긴급공고) (재공고),학교법인동원육영회,서울/인천/경기
20241021002-00,1966989200,116573147,86.745,1100,3,기/A값/순/의무,은평병원 현대화사업(리모델링) 통신공사(장기계속),서울특별시/서울특별시,전국/서울
20241025118-00,156800000,8242623,87.745,1243,3,기/A값/수의,가락시장 채소2동 질서관리용 CCTV설치 공사,서울특별시농수산식품공사,서울
20241024327-00,46045900,3017346,87.745,1014,3,기/A값/수의,5호선 행당역 외 2역 외부출입구 캐노피 설치 정보통신공사,서울교통공사,서울
20241015675-00,545739000,29569107,87.745,1061,3,기/A값/순,남산 및 낙산공원 CCTV 개선사업,서울특별시/서울특별시,서울
20241005515-00,1133913000,73207076,86.745,1177,3,기/A값/순/의무,2024년 임대아파트 CCTV 교체공사,서울주택도시공사,전국/서울
20241013949-00,404470000,14118635,87.745,1070,3,기/A값/순,개봉지하차도 등 2개소 자동사고감지설비 구축 공사,서울특별시/서울특별시,서울
20241017702-00,26524960,290542,87.745,902,3,기/A값/수의/협정,CCTV망 노후설비 정비 공사,서울특별시,서울
20241014787-00,493240000,32911772,87.745,1075,3,기/A값/순,상도로2단계 지중화와 신청사 이전에 따른 자가정보통신망 공사,서울특별시,서울
20241010548-00,36789190,2259347,87.745,984,3,기/A값/수의,6호선 구산역 승강편의시설 설치(51공구)관련 전자공사,서울교통공사,서울
20241008388-00,43300800,2897865,87.745,1026,3,기/A값/수의,2호선 신설동역 승강편의시설 설치 정보통신공사(59공구),서울교통공사,서울
20241006617-00,380800200,9015848,87.745,1073,3,기/A값/순,2024년 IoT사업 기타망 구축 공사,서울특별시교육청,서울
20241006615-00,59139000,3564360,87.745,1148,3,기/A값/수의,보훈회관 이전 예정지 (구 방화2동 주민센터) 리모델링 공사(통신),서울특별시,서울
20241003548-03,37153000,1937105,87.745,982,3,기/정/A값/수의,청소년커뮤니티카페 및 아동보호전문기관 리모델링 공사(통신) (정정공고),서울특별시,서울
20241004720-00,14927000,590742,87.745,712,3,기/A값/수의,서울국제금융오피스 16층 신규 공간 조성 공사(통신),(재)서울경제진흥원,서울
20241002387-00,18080800,890093,87.745,769,3,기/A값/수의,2024년 하반기 기술분야 근무환경 개선 정보통신공사,서울교통공사,서울
20241003259-00,81594460,5069775,87.745,1143,3,기/A값/수의,5호선 상일동역 승강편의시설 설치(58공구)관련 전자공사,서울교통공사,서울
20241003269-00,182710000,11373469,87.745,1085,3,기/A값/순,중랑구 제2교육지원센터 신축공사(통신) (긴급공고),서울특별시,서울
20240921641-00,209890000,13735079,87.745,1114,3,기/A값/순,보라매공원 CCTV 교체 및 신규설치공사 (긴급공고),서울특별시/서울특별시,서울
20240925700-00,293634000,15039108,87.745,1109,3,기/A값/순,등촌지하차도 등 5개소 진입차단시설 통신공사,서울특별시/서울특별시,서울
20240926989-00,152281800,7024068,87.745,1117,3,기/A값/순,봉제산 디지털 둘레길 자가통신망 구축 공사,서울특별시,서울
20240926387-00,41443250,2519800,87.745,980,3,기/A값/수의,2호선 신설동역 승강편의시설 설치(59공구)관련 전자공사,서울교통공사,서울
20240918011-00,90179000,4580339,87.745,1157,3,기/A값/수의,송파지하차도 외1개소 진입차단시설 설치 통신공사,서울특별시,서울
20240919810-00,75962640,790836,87.745,1127,3,기/A값/수의,군자차량사업소 장력감지시스템 구현을 위한 통신설비 공사,서울교통공사,서울
20240901570-00,144425000,0,87.745,143,3,,교육용 무선 네트워크 구축,서울특별시교육청,서울/경기
20240918921-00,98450000,6440825,87.745,1065,3,기/A값/순,송파구민회관 리모델링 공사(통신) (긴급공고),서울특별시,서울
20240915080-00,487975000,37097459,87.745,1065,3,기/A값/순,성북구 구립노인종합복지관 신축 정보통신공사 (긴급공고),서울특별시,서울
20240913196-00,687028000,41629074,87.745,1066,3,기/A값/순,2024년 영등포구 다목적 CCTV 정보통신공사,서울특별시,서울
20240913455-00,37842610,2265771,87.745,964,3,기/A값/수의,6호선 대흥역 승강편의시설 설치(60공구)관련 전자공사,서울교통공사,서울
20240913293-00,26086210,187262,87.745,865,3,기/A값/수의,1호선 비상제동 긴급조치용 전자파 차폐판 철거 정보통신공사,서울교통공사,서울
20240911088-00,144600000,9804028,87.745,1219,3,기/A값/수의,스마트빌리지 자가통신망 공사,서울특별시,서울
20240910362-00,66167000,3246648,87.745,1037,3,기/A값/순,우면종합사회복지관 증축공사(통신) (긴급공고),서울특별시,서울
20240827423-00,2668100000,161571763,86.745,1131,3,기/A값/순/의무,서울시 노동자복지관 복합화사업 정보통신공사,서울주택도시공사,전국/서울
20240829642-00,170407790,6246674,87.745,1088,3,기/A값/순,교통정보용 노후 CCTV 카메라 교체 및 통신 복구공사,서울특별시,서울
20240831584-00,42228650,2685079,87.745,1068,3,기/A값/수의,본사 5층 사무실 개보수 정보통신공사,서울교통공사,서울
20240821045-00,2339756400,136460282,86.745,1190,3,기/A값/순/의무,2024년 본선 통신케이블 개량 정보통신공사,서울교통공사,전국/서울
20240831127-00,37667040,2313123,87.745,1006,3,기/A값/수의,7호선 청담역 승강편의시설 설치(49공구)관련 전자공사,서울교통공사,서울
20240828856-00,73111000,3842514,87.745,1164,3,기/A값/수의,노원자원회수시설 근로환경개선 통신공사,서울특별시,서울
20240825683-00,702571000,48348858,87.745,1050,3,기/A값/순,서울시립 김병주도서관 건립 통신공사(장기),서울특별시,서울
20240826158-00,788380000,43048634,87.745,1016,3,기/A값/순/협정,독산동 산업문화 어울림센터 정보통신공사 (긴급공고),서울주택도시공사,서울
20240822942-00,123290000,4773599,87.745,1047,3,기/A값/순,상암공동구 자동제어설비 개량 공사,서울시설공단,서울
20240819075-00,394240000,27943011,87.745,1093,3,기/A값/순,동작구 보건소 신청사 리모델링 통신공사,서울특별시,서울
20240820782-00,59010000,769970,87.745,1079,3,기/A값/수의,WiFi용 무선AP 설치 및 네트워크 공사,서울특별시,서울
20240813627-00,187669000,11136105,87.745,1102,3,기/A값/순,2024년 강동 유무선통신망 구축 통신공사,서울특별시,서울
20240815322-00,224070000,14371964,87.745,1098,3,기/A값/순,효창종합사회복지관 안전환경 조성사업(통신) (긴급공고),서울특별시,서울
20240813430-00,155857000,10171778,87.745,1095,3,기/A값/순,강남종합사회복지관 리모델링공사(통신),서울특별시,서울
20240813087-00,114985200,6863466,87.745,1207,3,기/A값/수의,영등포 청년쿡 비즈니스센터 조성공사(정보통신),서울특별시,서울
20240812891-00,20575640,292366,87.745,2183,3,기/A값/수의,8호선 모란역 승강장모니터 추가 설치공사,서울교통공사,서울/경기
20240810031-00,47724000,3243300,87.745,1017,3,기/A값/수의,4호선 노원역 등 2역 승강편의시설 설치 정보통신공사(63공구),서울교통공사,서울
20240807944-00,1075910000,70700076,87.745,1177,3,기/A값/순/의무,(가칭)서울산빛초 신축 통신공사(장기계속) (긴급공고),서울특별시교육청,전국/서울
20240809717-00,159940000,11179985,87.745,1180,3,기/A값/수의,청년취업사관학교 강남캠퍼스 조성공사(통신),(재)서울경제진흥원,서울
20240801927-00,242632000,12729727,87.745,998,3,기/A값/순,2024년 정화조 악취저감시설 모니터링 시스템 확대설치,서울특별시,서울
20240807122-00,25171500,1803154,87.745,871,3,기/A값/수의,2024년 외부 엘리베이터 캐노피 개선 정보통신공사(2차),서울교통공사,서울
20240802610-00,51000000,2756226,87.745,1028,3,기/A값/수의,수상교통 활성화를 위한 선착장 조성 및 접근성 개선 통신공사,서울특별시,서울
20240801414-00,267850000,10001266,87.745,226,3,기/A값/순/협정,서원동 지능형 CCTV 설치 공사,서울특별시,서울
20240738271-00,24154940,1151677,87.745,885,3,기/A값/수의,8호선 송파역 연결통로 행선안내게시기 설치공사,서울교통공사,서울
20240738151-00,34196380,2165301,87.745,955,3,기/A값/수의,신용산역 개집표기 증설공사,서울교통공사,서울
20240737235-00,349751000,21682033,87.745,566,3,기/A값/순,2024년 방범 및 주정차단속 CCTV 설치(2차) 공사 (긴급공고),서울특별시,서울
20240736715-00,227480000,14587581,87.745,1033,3,기/A값/순,(긴급)(장기계속)역촌유 전면개축 통신공사 (긴급공고),서울특별시교육청,서울
20240729406-00,304391000,8136735,87.745,1043,3,기/A값/순,서울 미래형 ITS 고도화 구축 정보통신공사 (긴급공고),서울특별시,서울
20240725410-00,44279530,2874137,87.745,1032,3,기/A값/수의,8호선 복정역 승강편의시설 설치 정보통신공사(54공구),서울교통공사,서울
20240722255-00,92136000,5356901,87.745,1172,3,기/A값/수의,갈월종합사회복지관 리모델링 공사(통신) (긴급공고),서울특별시,서울
20240719170-00,298328000,25291593,87.745,1076,3,기/A값/순,2024년 방범용 CCTV 확대 구축 정보통신공사,서울특별시,서울
20240716303-00,149241000,9525437,87.745,1082,3,기/A값/순,노원구 새활용센터 신축 통신공사 (긴급공고),서울특별시,서울
20240716103-00,109444000,3895622,87.745,1019,3,기/A값/순,2024년 소규모주택 CCTV 설치공사 (긴급공고),서울주택도시공사,서울
20240713583-00,64004130,3326252,87.745,1125,3,기/A값/수의,본사 1층(로비) 노후시설 정비사업 정보통신공사,서울교통공사,서울
20240712044-00,55372900,2147429,87.745,1075,3,기/A값/수의,우이천 수변활력거점 조성 통신공사,서울특별시,서울
20240710909-00,28107690,2012859,87.745,2330,3,기/A값/수의,외부 엘리베이터 캐노피 개선 정보통신공사(2차),서울교통공사,서울/경기
20240708433-00,111811000,9376318,87.745,1202,3,기/A값/수의,와이파이용 자가통신망 고도화(2차) 통신공사,서울특별시,서울
20240705237-00,142012000,2997349,87.745,1077,3,기/A값/순,(긴급)상암중 방송선로 및 장비개선 통신공사 (긴급공고),서울특별시교육청,서울
20240637857-00,95883000,5710403,87.745,1155,3,기/A값/수의,서울문화예술교육센터 서초 인테리어공사 (통신),재단법인서울문화재단,서울
20240639434-00,710451000,43319222,87.745,930,3,기/A값/순,2024년 공원·등산로 방범 CCTV 정보통신공사 (긴급공고),서울특별시,서울
20240635836-00,248714000,15053813,87.745,1081,3,기/A값/순,행주대교 CCTV등 신규 구축 정보통신공사,서울특별시/서울특별시,서울
20240634365-00,276826000,14395373,87.745,1028,3,기/A값/순,고척 지하차도 등 13개소 침수감지장치 설치공사,서울특별시/서울특별시,서울
20240633612-00,99281000,4191733,87.745,1046,3,기/A값/순,목동공동구 동로 네트워크 케이블 구축 공사,서울시설공단,서울
20240632371-00,105953100,7246969,87.745,1055,3,기/A값/순,"9호선 2,3단계 개화 승무사업소 사무공간 확장 정보통신공사",서울교통공사,서울
20240633170-00,166254000,10832640,87.745,1084,3,기/A값/순,구립가재울데이케어센터 신축 공사(통신) (긴급공고),서울특별시,서울
20240632737-00,99704000,0,88.0,211,3,기/수의,24/25년 재방송설비 유지관리 용역,서울특별시,서울
20240629476-00,136558540,6175633,87.745,1064,3,기/A값/순,5호선 김포공항역 외 2개역 정보통신 접지설비 개량공사,서울교통공사,서울
20240628458-00,105712000,0,88.0,232,3,기/수의,24/25년 상반기 터널 및 지하차도 재난방송설비 유지관리 용역,서울특별시,서울
20240626192-00,35495460,0,88.0,167,3,기/수의,24/25년 재방송설비 유지관리용역(연간단가)-장기계속계약,서울특별시,서울
20240625598-00,102408000,0,88.0,199,3,기/수의,2024.2025년 도로터널 재난방송설비 유지보수용역(장기계속),서울특별시,서울
20240623338-00,563055000,31271881,87.745,1034,3,기/A값/순,서울 청년 스마트창업센터 신축 정보통신 공사 (긴급공고),서울특별시,서울
20240618147-00,91894890,5652989,87.745,996,3,기/A값/순,5호선 영등포구청역 등 3역 승강편의시설 설치 정보통신공사(61공구),서울교통공사,서울
20240616745-00,265158000,15997929,87.745,1035,3,기/A값/순,"한강교량 CCTV등 신규 구축 및 교체 정보통신공사 (성수, 잠실, 영동대교)",서울특별시/서울특별시,서울
20240619938-00,177000000,10723111,87.745,999,3,기/A값/순,서남센터 상용전력수전설비 구축사업 감시제어공사,서울물재생시설공단,서울
20240614793-00,333883000,19128440,87.745,1080,3,기/A값/순,구산동 공공복합시설 신축 통신공사,서울특별시,서울
20240616757-00,1612250004,46172280,86.745,1141,3,기/A값/순/의무,고덕강일지구 등 홈네트워크 예비전원장치 설치 정보통신공사(2권역) (긴급공고),서울주택도시공사,전국/서울
20240616697-00,1966120006,54897220,86.745,1138,3,기/A값/순/의무,고덕강일지구 등 홈네트워크 예비전원장치 설치 정보통신공사(1권역) (긴급공고),서울주택도시공사,전국/서울
20240609578-00,141372000,10141338,87.745,1108,3,기/A값/순,전문건설회관 교수연구실 및 행정동 환경조성공사(통신),서울시,서울
20240602899-00,950788000,24988189,87.745,971,3,기/A값/순,2024년 임대아파트 인터폰 교체공사(2권역),서울주택도시공사,서울
20240602828-01,631863000,16314413,87.745,1009,3,기/정/A값/순,2024년 임대아파트 인터폰 교체공사(1권역) (정정공고),서울주택도시공사,서울
20240605159-00,24353790,1505841,87.745,853,3,기/A값/수의,2024년 전산네트워크(업무망) 신설공사,서울교통공사,서울
20240601893-00,270501000,12809864,87.745,1065,3,기/A값/순,홍제유원아파트 품질개선 정보통신공사,서울주택도시공사,서울
20240542402-00,605698000,35064821,87.745,1027,3,기/A값/순,의회청사 공간재배치 및 내진보강 정보통신공사 (장기계속) (긴급공고),서울특별시/서울특별시,서울
20240603554-00,246691000,14592868,87.745,1045,3,기/A값/순,도봉고 리모델링 통신공사 (긴급공고),서울특별시교육청,서울
20240538362-00,239400000,20578312,87.745,1052,3,기/A값/순,CCTV 자가정보통신망 고도화(8차) 공사,서울특별시,서울
20240538176-00,198794000,5720855,87.745,1064,3,기/A값/순,정동별관 통신공사,재단법인,서울
20240535398-00,761659000,46136309,87.745,1019,3,기/A값/순,"월드컵, 올림픽, 구리암사대교 CCTV 등 구축 정보통신공사",서울특별시/서울특별시,서울
20240538804-00,95302500,6100064,87.745,1125,3,기/A값/수의,5호선 발산역 외 5역 외부출입구 캐노피 설치 정보통신공사,서울교통공사,서울
20240526992-00,290917000,6501407,87.745,129,3,기/A값/순,2024~2025년 적산열량계 원격검침용 통신모뎀 설치공사,서울에너지공사,서울
20240523669-00,458954000,29168487,87.745,1071,3,기/A값/순,수서동복합문화센터신축 공사 (통신),서울특별시,서울
20240515683-02,35904000,0,84.245,118,3,물품/기/정,잔류염소 수질연속자동측정장치 구매설치 (정정공고),서울특별시,서울/경기
20240516948-00,82765000,2602054,87.745,970,3,기/A값/순,훈련원공원 주차장 전력감시시스템 구축공사,서울시설공단,서울
20240517413-00,471500000,31412561,87.745,1064,3,기/A값/순,일원1동복합문화센터신축 공사 (통신),서울특별시,서울
20240517320-00,478203000,31156052,87.745,1069,3,기/A값/순,개포3동 복합문화센터 신축공사(통신),서울특별시,서울
20240515446-00,31146700,1939456,87.745,936,3,기/A값/수의,1호선 시청역 등 3역 역사출입구 및 캐노피 개선 정보통신공사,서울교통공사,서울
20240514567-00,18648000,16345534,87.745,671,3,기/A값/수의,일원스포츠문화센터 ACP프로그램 설치공사,서울특별시,서울
20240514442-00,96379200,6051130,87.745,1119,3,기/A값/수의,5호선 마장역 외 7역 외부캐노피 설치 정보통신공사,서울교통공사,서울
20240442491-00,569650000,35444010,87.745,1022,3,기/A값/순,2024년 임대아파트 정보통신 배선기구 교체공사,서울주택도시공사,서울
20240504507-00,919575520,62961672,87.745,970,3,기/A값/순,6호선 비상통화장치 개량 정보통신공사,서울교통공사,서울
20240505016-01,79926000,3341136,87.745,1081,3,기/정/A값/수의,서남센터 디지털 무선중계기 설치공사 (정정공고),서울물재생시설공단,서울
20240500801-00,252153000,15896077,87.745,1058,3,기/A값/순,삼청공원 입구 지하주차장 건설 통신공사 (긴급공고),서울특별시,서울
20240441699-00,610857000,40141652,87.745,1014,3,기/A값/순,이문2동 복합청사 및 공영주차장 건립 통신공사(장기),서울특별시,서울
20240435380-00,127041870,7437247,87.745,3068,3,기/A값/수의,5호선 하남구간 CCTV 설치공사,서울교통공사,서울/경기
20240427675-00,93227200,0,84.245,146,3,물품/기,청계천 수질모니터링 시스템 구매·설치,서울시설공단,서울/경기
20240433263-00,89181000,2169991,87.745,308,3,기/A값/수의,2024년 양평군 긴급차량 우선신호시스템 설치공사,경기도,서울/경기
20240432681-00,39732170,535901,87.745,1011,3,기/A값/수의,왕십리역(2) 취약개소 CCTV 증설 정보통신공사,서울교통공사,서울
20240431496-00,218647700,13660907,87.745,1063,3,기/A값/순,2024년 1~4호선 화장실통화장치 설치 정보통신공사 (긴급공고),서울교통공사,서울
20240430529-01,105286000,6345798,87.745,1170,3,기/정/A값/수의,중곡3동 청사 리모델링 통신 공사 (정정공고),서울특별시,서울
20240420405-00,48257500,3027825,87.745,1031,3,기/A값/수의,7호선 고속터미널역 승강편의시설 설치 정보통신공사(57공구),서울교통공사,서울
20240420371-00,64815400,4139923,87.745,1107,3,기/A값/수의,6호선 디지털미디어시티역 외 3역 화장실 시설개량 정보통신공사,서울교통공사,서울
20240414009-00,627114700,38063052,87.745,2599,3,기/A값/순,"6,8호선 전력 RTU 개량 정보통신공사",서울교통공사,서울/경기
20240415243-00,73514360,4144753,87.745,1094,3,기/A값/수의,2호선 사당역 개집표기 이설공사,서울교통공사,서울
20240414748-00,42434000,819448,87.745,1020,3,기/A값/수의,공동구 디지털 무선통신설비 설치공사,서울시설공단,서울
20240344921-00,190605000,14121076,87.745,1018,3,기/A값/순,2024년 노후 AFC분전함 개선 및 개집표기 이설공사,서울교통공사,서울
20240346473-00,293821000,19268843,87.745,1071,3,기/A값/순,대림3동 공공복합청사 건립 통신공사,서울특별시,서울
20240346217-00,126400000,8981933,87.745,1187,3,기/A값/수의,서울애니메이션센터 대체공간 원상복구 공사(통신) (긴급공고),(재)서울경제진흥원,서울
20240346128-00,46123500,2368374,87.745,1030,3,기/A값/수의,도림천 등 2개역 화장실 확충 정보통신공사,서울교통공사,서울
20240337116-00,62300000,3129451,87.745,986,3,기/A값/수의,악취저감사업 계측제어공사,서울특별시,서울
20240336099-00,37354700,432510,87.745,987,3,기/A값/수의,당고개역 하선 승강장 승무대기실 조성 정보통신공사,서울교통공사,서울
20240331648-00,32330100,1613256,87.745,922,3,기/A값/수의,경복궁역 메트로미술관 유리벽 철거 및 복구 정보통신공사,서울교통공사,서울
20240312219-00,191584000,12432270,87.745,1072,3,기/A값/순,서대문 뇌병변장애인비전센터 건립 대수선 및 리모델링 통신 공사 (긴급공고),서울특별시,서울
20240311347-00,1366635000,85950103,86.745,1102,3,기/A값/순/의무,양곡도매시장 건립 통신공사(장기) (긴급공고),서울특별시/서울특별시,전국/서울
20240310030-00,321764000,20427526,87.745,1028,3,기/A값/순,대림3유수지 종합체육시설 건립 통신공사,서울특별시,서울
20240229809-00,1135873000,72351289,86.745,1136,3,기/A값/순/의무,가락시장 구)관리금융동 통신시설 이설 공사,서울지방조달청/서울특별시농수산식품공사,전국/서울
20240239564-00,80073000,4432279,87.745,1021,3,기/A값/순,온수공원(연의지구) 조성사업(통신) (긴급공고),서울특별시,서울
20240238164-00,72977000,4109521,87.745,1019,3,기/A값/순,금빛공원 열린광장 조성 공사(통신),서울특별시,서울
20240234134-00,278790000,11272989,87.745,965,3,기/A값/순,2024년 지하차도 침수감지장치 설치 공사,서울시설공단,서울
20240231351-00,72502650,4468419,87.745,1096,3,기/A값/수의,2024년 이태원 등 9역 전자설비 이설공사,서울교통공사,서울
20240228906-00,67851500,4007903,87.745,1070,3,기/A값/수의,청량리역등 4개역 전기실 노후설비 개량에 따른 정보통신공사,서울교통공사,서울
20240221882-00,237600000,20160621,87.745,994,3,기/A값/순,2024년 동작구 방범 CCTV 신규 및 성능개선 정보통신공사 (긴급공고),서울특별시,서울
20240214948-00,79253000,3650150,87.745,1104,3,기/A값/수의,가락몰 판매동 3층 기반시설 공사(정보통신),서울특별시농수산식품공사,서울
20240210843-00,155926000,10320067,87.745,1036,3,기/A값/순,자양4동 전통시장 공영주차장 건설(통신공사),서울특별시,서울
20240120121-00,9348954000,595652878,85.495,481,3,기/A값/순/의무,강서구 통합신청사 건립공사(통신공사) (긴급공고),서울지방조달청/서울특별시,전국/서울
20240204211-00,395008000,16177034,87.745,842,3,기/A값/순,탄천센터 감시제어시스템 유지보수(연간단가) (긴급공고),서울물재생시설공단,서울
20240201801-00,95102760,4392458,87.745,988,3,기/A값/수의,2024년 빗물펌프장 정보통신설비 유지보수공사(연간단가),서울특별시,서울
20240135819-00,181110410,13673882,87.745,1002,3,기/A값/순,6호선 대흥역 승강편의시설 설치 정보통신공사(60공구),서울교통공사,서울
20240131264-00,290080000,18191951,87.745,994,3,기/A값/순/협정,CCTV망 노후설비 정비 시행,서울특별시,서울
20240131993-00,82390000,3932007,87.745,972,3,기/A값/수의,2024년 수방통신설비 유지보수공사 (연간단가),서울특별시,서울
20240126597-00,194374000,12857542,87.745,1071,3,기/A값/순,서울상도유치원 개축 통신공사 (긴급공고),서울특별시교육청,서울
20240126723-00,86240000,4293704,87.745,1017,3,A값/순,강남구 1인가구커뮤니티센터 확장 이전 리모델링 공사(통신) (긴급공고),서울특별시,서울
20240120807-00,41707090,2310638,87.745,911,3,기/A값/수의,전자UPS실 노후 ATS 개량 전자공사,서울교통공사,서울
20240119088-00,24951310,1472938,87.745,824,3,기/A값/수의,CCTV 분리전환 전자공사,서울교통공사,서울
20240115743-00,109062000,7403805,87.745,1054,3,기/A값/순,좌원 임시이주상가(가설건축물)조성 신축공사(통신공사) (긴급공고),서울특별시,서울
20240112370-00,196420180,12042561,87.745,1076,3,기/A값/순,종로구 보건소 실내 리모델링(통신),서울특별시,서울
20240114589-00,62890000,3407196,87.745,1120,3,기/A값/수의,마들지하차도 통신케이블 이설공사,서울시설공단,서울
20240110350-00,225694000,14003968,87.745,1073,3,기/A값/순,응암정보도서관 신축 통신공사,서울특별시,서울
20231239637-00,0,5541668950,1.0,707,3,기/A값/순/의무,마곡 공공형 지식산업센터 및 건설형 도전숙 복합개발사업 정보통신공사 (긴급공고),서울주택도시공사,전국/서울
20240110904-00,99847000,0,88.0,200,3,기/수의,2024년 터널 및 지하차도 CCTV시스템 유지관리 용역,서울특별시,서울
20240106125-00,77596000,2652568,87.745,1091,3,기/A값/수의,서울형 키즈카페 화곡3동점 공간조성 통신 공사,서울특별시,서울
20231244587-00,143270000,7830386,87.745,1017,3,기/A값/순/협정,안암 어울림센터 정보통신공사,서울주택도시공사,서울
20231203801-00,0,9956426400,1.0,397,3,기/A값/순/의무,마곡 도시개발사업지구 10-2단지 아파트 정보통신공사 (긴급공고),서울주택도시공사,전국/서울
20231228124-00,710580000,44051975,87.745,978,3,기/A값/순/협정,중랑 패션봉제 스마트앵커 정보통신공사,서울주택도시공사,서울
20231246367-00,82148000,4400205,87.745,996,3,기/A값/순,은천동 공영주차장 및 생활SOC복합시설 건립공사(통신) (긴급공고),서울특별시,서울
20231244131-00,254397000,17212851,87.745,1051,3,기/A값/순,창동 업무시설 11~16층 공간구획 통신공사 (긴급공고),서울주택도시공사,서울
20231243750-00,92091830,5238583,87.745,1101,3,기/A값/수의,DDP 쇼룸 조성공사(DDP 디자인랩 1층)_통신,(재)서울경제진흥원,서울
